{"cameraMode":{"drawMode":0,"name":"Shaded","section":"Shading Mode"},"sceneLighting":true,"audioPlay":false,"sceneViewState":{"showFog":true,"showMaterialUpdate":true,"showSkybox":true,"showFlares":true,"showImageEffects":true,"showParticleSystems":true},"in2DMode":false,"pivot":{"x":-13.572165489196778,"y":4.442727088928223,"z":3.6772124767303469},"rotation":{"x":-0.035479702055454257,"y":0.700701117515564,"z":-0.034930601716041568,"w":-0.7117196917533875},"size":19.316936492919923,"orthographic":false}